Date,Symbol,Open,High,Low,Close,Volume,Dividends,Stock Splits
2021-03-12,BIV,89.08000183105469,89.3499984741211,88.8499984741211,88.94999694824219,2351400,0,0
2021-03-15,BIV,89.02999877929688,89.13999938964844,88.9800033569336,89.02999877929688,930000,0,0
2021-03-16,BIV,89.12999725341797,89.19999694824219,89.0199966430664,89.11000061035156,1287800,0,0
2021-03-17,BIV,88.87999725341797,89.29000091552734,88.72000122070312,89.12000274658203,1868200,0,0
2021-03-18,BIV,88.58999633789062,88.73999786376953,88.43000030517578,88.6500015258789,1237800,0,0
2021-03-19,BIV,88.51000213623047,88.70999908447266,88.47000122070312,88.61000061035156,1215808,0,0
2021-03-12,BLV,97.58999633789062,97.69999694824219,96.94000244140625,97.27999877929688,558600,0,0
2021-03-15,BLV,97.37999725341797,97.8499984741211,97.37999725341797,97.73999786376953,260800,0,0
2021-03-16,BLV,97.80999755859375,97.97000122070312,97.1500015258789,97.20999908447266,381400,0,0
2021-03-17,BLV,96.73999786376953,97.38999938964844,96.36000061035156,97.2300033569336,610500,0,0
2021-03-18,BLV,96.0,96.56999969482422,95.80000305175781,96.20999908447266,428600,0,0
2021-03-19,BLV,96.37999725341797,96.81999969482422,96.26000213623047,96.81999969482422,271713,0,0
2021-03-12,BND,84.73999786376953,84.75,84.58000183105469,84.6500015258789,5717100,0,0
2021-03-15,BND,84.66000366210938,84.80000305175781,84.66000366210938,84.75,5012200,0,0
2021-03-16,BND,84.80000305175781,84.8499984741211,84.66000366210938,84.73999786376953,5100100,0,0
2021-03-17,BND,84.5999984741211,84.80000305175781,84.44000244140625,84.70999908447266,5899500,0,0
2021-03-18,BND,84.30000305175781,84.47000122070312,84.22000122070312,84.36000061035156,4905200,0,0
2021-03-19,BND,84.80000305175781,84.47000122070312,84.30000305175781,84.43000030517578,4969218,0,0
2021-03-12,BNDW,79.66000366210938,79.66000366210938,79.54000091552734,79.58000183105469,25900,0,0
2021-03-15,BNDW,79.55000305175781,79.76000213623047,79.55000305175781,79.73999786376953,30200,0,0
2021-03-16,BNDW,79.7300033569336,79.77999877929688,79.62000274658203,79.6500015258789,29300,0,0
2021-03-17,BNDW,79.51000213623047,79.66999816894531,79.43000030517578,79.61000061035156,33700,0,0
2021-03-18,BNDW,79.3499984741211,79.38999938964844,79.25,79.33999633789062,31300,0,0
2021-03-19,BNDW,79.52999877929688,79.52999877929688,79.37999725341797,79.44999694824219,25791,0,0
2021-03-12,BNDX,57.130001068115234,57.130001068115234,57.08000183105469,57.130001068115234,2733800,0,0
2021-03-15,BNDX,57.15999984741211,57.27000045776367,57.15999984741211,57.27000045776367,2954800,0,0
2021-03-16,BNDX,57.27000045776367,57.279998779296875,57.20000076293945,57.209999084472656,3005400,0,0
2021-03-17,BNDX,57.099998474121094,57.18000030517578,57.040000915527344,57.099998474121094,3179200,0,0
2021-03-18,BNDX,56.95000076293945,56.97999954223633,56.900001525878906,56.97999954223633,2844700,0,0
2021-03-19,BNDX,57.040000915527344,57.11000061035156,57.02000045776367,57.08000183105469,2111994,0,0
2021-03-12,BSV,82.19000244140625,82.30000305175781,82.13999938964844,82.18000030517578,2459500,0,0
2021-03-15,BSV,82.16000366210938,82.19999694824219,82.1500015258789,82.19999694824219,1911900,0,0
2021-03-16,BSV,82.19999694824219,82.25,82.19000244140625,82.2300033569336,3867800,0,0
2021-03-17,BSV,82.19999694824219,82.36000061035156,82.16999816894531,82.29000091552734,2977000,0,0
2021-03-18,BSV,82.18000030517578,82.26000213623047,82.12000274658203,82.19999694824219,3212400,0,0
2021-03-19,BSV,82.1500015258789,82.2300033569336,82.12999725341797,82.18000030517578,2247454,0,0
2021-03-12,EDV,125.88999938964844,125.95999908447266,124.87000274658203,125.30999755859375,251100,0,0
2021-03-15,EDV,125.87000274658203,126.66999816894531,125.81999969482422,126.31999969482422,108900,0,0
2021-03-16,EDV,126.44000244140625,126.63999938964844,124.87000274658203,125.80000305175781,96500,0,0
2021-03-17,EDV,124.19999694824219,124.69000244140625,123.01000213623047,124.38999938964844,709500,0,0
2021-03-18,EDV,121.98999786376953,123.47000122070312,121.98999786376953,122.87000274658203,738900,0,0
2021-03-19,EDV,123.0999984741211,124.0,122.83999633789062,123.91999816894531,642760,0,0
2021-03-12,VCEB,72.12000274658203,72.5,71.93499755859375,71.9800033569336,34400,0,0
2021-03-15,VCEB,71.98999786376953,72.13999938964844,71.98999786376953,72.0780029296875,11000,0,0
2021-03-16,VCEB,72.16999816894531,72.19999694824219,72.00499725341797,72.12000274658203,10500,0,0
2021-03-17,VCEB,71.87999725341797,72.30000305175781,71.79000091552734,72.12999725341797,6400,0,0
2021-03-18,VCEB,71.66999816894531,71.87000274658203,71.56500244140625,71.7750015258789,19700,0,0
2021-03-19,VCEB,71.77999877929688,71.875,71.73999786376953,71.84529876708984,18752,0,0
2021-03-12,VCIT,93.08999633789062,93.19000244140625,92.83999633789062,92.93000030517578,2908300,0,0
2021-03-15,VCIT,92.9000015258789,93.0999984741211,92.87000274658203,93.05000305175781,2026000,0,0
2021-03-16,VCIT,93.12000274658203,93.16999816894531,92.9800033569336,93.05000305175781,3446000,0,0
2021-03-17,VCIT,92.80999755859375,93.37000274658203,92.69000244140625,93.19999694824219,3915100,0,0
2021-03-18,VCIT,92.55999755859375,92.76000213623047,92.43000030517578,92.68000030517578,6167800,0,0
2021-03-19,VCIT,92.55999755859375,92.73500061035156,92.5,92.62000274658203,3994771,0,0
2021-03-12,VCLT,100.19000244140625,100.37000274658203,99.3499984741211,99.52999877929688,613100,0,0
2021-03-15,VCLT,99.5199966430664,100.1500015258789,99.5199966430664,99.95999908447266,526700,0,0
2021-03-16,VCLT,100.12000274658203,100.25,99.45999908447266,99.73999786376953,2945400,0,0
2021-03-17,VCLT,99.0999984741211,99.88999938964844,98.81999969482422,99.69999694824219,2545900,0,0
2021-03-18,VCLT,98.41999816894531,99.25,98.37000274658203,98.8499984741211,1897900,0,0
2021-03-19,VCLT,99.48999786376953,99.48999786376953,98.75,99.33000183105469,1024064,0,0
2021-03-12,VCSH,82.3499984741211,82.38999938964844,82.29000091552734,82.30999755859375,2641300,0,0
2021-03-15,VCSH,82.30000305175781,82.37000274658203,82.29000091552734,82.33999633789062,3107000,0,0
2021-03-16,VCSH,82.4000015258789,82.41000366210938,82.36000061035156,82.36000061035156,2087200,0,0
2021-03-17,VCSH,82.33999633789062,82.55999755859375,82.31999969482422,82.5199966430664,5296600,0,0
2021-03-18,VCSH,82.37000274658203,82.38999938964844,82.27999877929688,82.33999633789062,5300500,0,0
2021-03-19,VCSH,82.33000183105469,82.37000274658203,82.28359985351562,82.33000183105469,3613627,0,0
2021-03-12,VGIT,67.51000213623047,67.5199966430664,67.44999694824219,67.51000213623047,926100,0,0
2021-03-15,VGIT,67.5,67.56999969482422,67.5,67.52999877929688,556500,0,0
2021-03-16,VGIT,67.58999633789062,67.62000274658203,67.5199966430664,67.55000305175781,531300,0,0
2021-03-17,VGIT,67.43000030517578,67.68000030517578,67.37000274658203,67.58999633789062,839900,0,0
2021-03-18,VGIT,67.2699966430664,67.38999938964844,67.22000122070312,67.3499984741211,1124700,0,0
2021-03-19,VGIT,67.23999786376953,67.38999938964844,67.23999786376953,67.33000183105469,878296,0,0
2021-03-12,VGLT,83.16999816894531,83.19000244140625,82.7300033569336,83.0199966430664,861400,0,0
2021-03-15,VGLT,83.23999786376953,83.58000183105469,83.19000244140625,83.45999908447266,522400,0,0
2021-03-16,VGLT,83.2699966430664,83.58999633789062,82.83999633789062,83.19999694824219,565100,0,0
2021-03-17,VGLT,82.4800033569336,82.69000244140625,81.91999816894531,82.55999755859375,847900,0,0
2021-03-18,VGLT,81.37999725341797,82.05999755859375,81.31999969482422,81.80000305175781,867200,0,0
2021-03-19,VGLT,81.81999969482422,82.27999877929688,81.69000244140625,82.27999877929688,618918,0,0
2021-03-12,VGSH,61.5099983215332,61.52000045776367,61.5,61.52000045776367,1352200,0,0
2021-03-15,VGSH,61.5099983215332,61.52000045776367,61.5,61.52000045776367,881400,0,0
2021-03-16,VGSH,61.52000045776367,61.54999923706055,61.52000045776367,61.52000045776367,867200,0,0
2021-03-17,VGSH,61.5099983215332,61.560001373291016,61.5099983215332,61.540000915527344,788400,0,0
2021-03-18,VGSH,61.52000045776367,61.529998779296875,61.5,61.529998779296875,904400,0,0
2021-03-19,VGSH,61.52000045776367,61.54999923706055,61.5099983215332,61.529998779296875,821295,0,0
2021-03-12,VMBS,53.5099983215332,53.529998779296875,53.470001220703125,53.4900016784668,1381800,0,0
2021-03-15,VMBS,53.470001220703125,53.5,53.43000030517578,53.459999084472656,977300,0,0
2021-03-16,VMBS,53.459999084472656,53.470001220703125,53.43000030517578,53.45000076293945,1031300,0,0
2021-03-17,VMBS,53.34000015258789,53.5,53.34000015258789,53.45000076293945,1554700,0,0
2021-03-18,VMBS,53.29999923706055,53.34000015258789,53.290000915527344,53.33000183105469,1075800,0,0
2021-03-19,VMBS,53.28099822998047,53.33000183105469,53.25,53.310001373291016,840186,0,0
2021-03-12,VTC,89.19999694824219,89.19999694824219,88.70999908447266,88.75,44700,0,0
2021-03-15,VTC,88.5999984741211,89.05000305175781,88.5999984741211,88.93000030517578,66000,0,0
2021-03-16,VTC,88.94999694824219,89.08999633789062,88.80999755859375,88.86000061035156,41400,0,0
2021-03-17,VTC,88.72000122070312,89.08000183105469,88.46099853515625,88.95999908447266,46500,0,0
2021-03-18,VTC,88.47000122070312,88.61199951171875,88.26000213623047,88.4800033569336,90100,0,0
2021-03-19,VTC,88.45999908447266,88.68000030517578,88.41999816894531,88.5999984741211,50939,0,0
2021-03-12,VTEB,54.68000030517578,54.68000030517578,54.54999923706055,54.650001525878906,1427700,0,0
2021-03-15,VTEB,54.68000030517578,54.720001220703125,54.66999816894531,54.68000030517578,860600,0,0
2021-03-16,VTEB,54.70000076293945,54.77000045776367,54.70000076293945,54.7400016784668,995200,0,0
2021-03-17,VTEB,54.650001525878906,54.70000076293945,54.61000061035156,54.650001525878906,1132100,0,0
2021-03-18,VTEB,54.58000183105469,54.58000183105469,54.380001068115234,54.45000076293945,1283300,0,0
2021-03-19,VTEB,54.5,54.5,54.400001525878906,54.470001220703125,1105737,0,0
2021-03-12,VTIP,51.59000015258789,51.599998474121094,51.540000915527344,51.599998474121094,1743800,0,0
2021-03-15,VTIP,51.56999969482422,51.650001525878906,51.54999923706055,51.63999938964844,2012800,0,0
2021-03-16,VTIP,51.65999984741211,51.720001220703125,51.650001525878906,51.720001220703125,1396800,0,0
2021-03-17,VTIP,51.689998626708984,51.810001373291016,51.630001068115234,51.72999954223633,1924000,0,0
2021-03-18,VTIP,51.63999938964844,51.65999984741211,51.529998779296875,51.54999923706055,2284900,0,0
2021-03-19,VTIP,51.529998779296875,51.54999923706055,51.5,51.540000915527344,1177129,0,0
2021-03-12,VWOB,77.4000015258789,77.56999969482422,77.05999755859375,77.26000213623047,527500,0,0
2021-03-15,VWOB,77.5199966430664,77.70999908447266,77.47000122070312,77.66000366210938,284500,0,0
2021-03-16,VWOB,78.12999725341797,78.18000030517578,77.91000366210938,78.08000183105469,234400,0,0
2021-03-17,VWOB,77.69999694824219,78.73999786376953,77.43000030517578,78.62000274658203,442000,0,0
2021-03-18,VWOB,77.58999633789062,77.8499984741211,77.47000122070312,77.51000213623047,396000,0,0
2021-03-19,VWOB,77.69999694824219,77.89399719238281,77.52010345458984,77.80000305175781,542486,0,0
2021-03-12,ESGV,73.37000274658203,73.58000183105469,72.94999694824219,73.56999969482422,240100,0,0
2021-03-15,ESGV,73.77999877929688,74.18000030517578,73.27999877929688,74.16000366210938,196000,0,0
2021-03-16,ESGV,74.44000244140625,74.48999786376953,73.83000183105469,74.05999755859375,345100,0,0
2021-03-17,ESGV,73.81999969482422,74.43000030517578,73.41999816894531,74.2699966430664,191900,0,0
2021-03-18,ESGV,73.83000183105469,74.04000091552734,72.86000061035156,72.9800033569336,163300,0,0
2021-03-19,ESGV,72.91000366210938,73.12650299072266,72.30000305175781,72.81999969482422,187445,0,0
2021-03-12,IVOG,193.72000122070312,195.3699951171875,193.1699981689453,195.36000061035156,7600,0,0
2021-03-15,IVOG,195.49000549316406,198.49000549316406,195.49000549316406,198.49000549316406,11300,0,0
2021-03-16,IVOG,199.1300048828125,199.1300048828125,196.1300048828125,196.27000427246094,8100,0,0
2021-03-17,IVOG,194.61000061035156,196.5500030517578,193.8000030517578,196.44000244140625,6600,0,0
2021-03-18,IVOG,195.9199981689453,196.5500030517578,191.88999938964844,191.88999938964844,6000,0,0
2021-03-19,IVOG,192.32000732421875,194.2899932861328,191.7899932861328,193.0673065185547,7816,0,0
2021-03-12,IVOO,176.89999389648438,178.91000366210938,176.89999389648438,178.8000030517578,19800,0,0
2021-03-15,IVOO,179.11000061035156,181.30999755859375,178.6300048828125,181.25,27700,0,0
2021-03-16,IVOO,181.38999938964844,181.38999938964844,178.39999389648438,178.9499969482422,36100,0,0
2021-03-17,IVOO,178.27000427246094,180.17999267578125,177.24000549316406,180.11000061035156,24500,0,0
2021-03-18,IVOO,179.38999938964844,180.94000244140625,176.22999572753906,176.63999938964844,26600,0,0
2021-03-19,IVOO,176.1300048828125,178.1699981689453,175.2071075439453,176.5500030517578,28816,0,0
2021-03-12,IVOV,156.8800048828125,159.00999450683594,156.8800048828125,158.8800048828125,41200,0,0
2021-03-15,IVOV,159.7899932861328,160.72000122070312,158.24000549316406,160.67999267578125,87900,0,0
2021-03-16,IVOV,160.99000549316406,160.99000549316406,158.25999450683594,158.63999938964844,53000,0,0
2021-03-17,IVOV,158.61000061035156,159.8300018310547,157.5,159.75999450683594,40200,0,0
2021-03-18,IVOV,159.5399932861328,161.5800018310547,157.32000732421875,157.66000366210938,51700,0,0
2021-03-19,IVOV,157.33999633789062,158.4550018310547,155.80499267578125,156.92999267578125,42617,0,0
2021-03-12,MGC,138.75999450683594,139.47000122070312,138.4499969482422,139.4499969482422,72400,0,0
2021-03-15,MGC,139.60000610351562,140.19000244140625,138.69000244140625,140.11000061035156,82000,0,0
2021-03-16,MGC,140.4600067138672,140.91000366210938,139.88999938964844,140.25999450683594,408500,0,0
2021-03-17,MGC,139.66000366210938,140.89999389648438,139.30999755859375,140.5,60900,0,0
2021-03-18,MGC,139.64999389648438,140.10000610351562,138.2100067138672,138.25,68200,0,0
2021-03-19,MGC,138.4499969482422,138.7100067138672,137.27999877929688,138.1999969482422,49539,0,0
2021-03-12,MGK,203.91000366210938,205.02999877929688,202.69000244140625,204.91000366210938,167900,0,0
2021-03-15,MGK,205.05999755859375,206.83999633789062,204.25,206.6999969482422,191800,0,0
2021-03-16,MGK,208.0,209.72000122070312,206.88999938964844,207.75999450683594,205600,0,0
2021-03-17,MGK,205.97000122070312,209.3300018310547,205.14999389648438,208.1199951171875,168700,0,0
2021-03-18,MGK,205.33999633789062,206.00999450683594,202.4600067138672,202.75,257100,0,0
2021-03-19,MGK,202.6999969482422,203.77000427246094,201.30499267578125,202.94000244140625,216917,0,0
2021-03-12,MGV,94.66999816894531,95.05000305175781,94.58999633789062,95.0199966430664,131500,0,0
2021-03-15,MGV,95.13999938964844,95.18000030517578,94.29000091552734,95.08999633789062,264100,0,0
2021-03-16,MGV,95.0,95.0,94.45999908447266,94.66000366210938,150900,0,0
2021-03-17,MGV,94.7699966430664,95.01000213623047,94.20999908447266,94.9000015258789,178700,0,0
2021-03-18,MGV,94.9800033569336,95.70999908447266,94.47000122070312,94.66999816894531,150000,0,0
2021-03-19,MGV,94.5999984741211,94.70950317382812,93.70999908447266,94.23999786376953,407443,0,0
2021-03-12,VAW,172.16000366210938,172.97999572753906,171.7100067138672,172.97999572753906,101800,0,0
2021-03-15,VAW,172.97000122070312,172.97000122070312,170.8300018310547,172.82000732421875,146600,0,0
2021-03-16,VAW,172.64999389648438,172.64999389648438,170.22999572753906,171.05999755859375,127500,0,0
2021-03-17,VAW,170.9600067138672,173.25,170.69000244140625,172.80999755859375,207200,0,0
2021-03-18,VAW,172.5500030517578,174.8000030517578,171.47999572753906,171.83999633789062,139900,0,0
2021-03-19,VAW,172.0399932861328,172.05999755859375,168.89999389648438,171.0,157205,0,0
2021-03-12,VB,219.74000549316406,221.52000427246094,219.02000427246094,221.22999572753906,647400,0,0
2021-03-15,VB,221.67999267578125,223.6199951171875,220.8000030517578,223.47999572753906,551500,0,0
2021-03-16,VB,223.5399932861328,223.5399932861328,219.1999969482422,220.44000244140625,655000,0,0
2021-03-17,VB,219.22999572753906,222.0399932861328,217.75999450683594,221.83999633789062,580700,0,0
2021-03-18,VB,220.58999633789062,222.24000549316406,215.77999877929688,216.17999267578125,801100,0,0
2021-03-19,VB,216.4499969482422,218.8800048828125,214.44000244140625,217.38999938964844,693447,0,0
2021-03-12,VBK,281.3699951171875,283.5199890136719,279.2099914550781,283.1099853515625,179100,0,0
2021-03-15,VBK,284.0,287.17999267578125,283.1700134277344,287.17999267578125,205500,0,0
2021-03-16,VBK,288.1099853515625,288.1099853515625,280.8599853515625,283.1400146484375,259000,0,0
2021-03-17,VBK,281.2200012207031,285.2699890136719,278.2799987792969,283.8800048828125,174300,0,0
2021-03-18,VBK,281.8999938964844,281.8999938964844,273.8900146484375,274.4700012207031,171800,0,0
2021-03-19,VBK,275.0,278.8900146484375,272.8399963378906,277.20001220703125,113250,0,0
2021-03-12,VBR,169.77999877929688,171.49000549316406,169.66000366210938,171.4600067138672,627400,0,0
2021-03-15,VBR,172.02000427246094,172.72000122070312,170.25999450683594,172.72000122070312,529500,0,0
2021-03-16,VBR,172.64999389648438,172.64999389648438,169.5,170.19000244140625,882600,0,0
2021-03-17,VBR,169.8699951171875,171.3800048828125,168.58999633789062,171.32000732421875,513400,0,0
2021-03-18,VBR,171.22999572753906,173.2100067138672,168.10000610351562,168.55999755859375,750300,0,0
2021-03-19,VBR,168.5,169.97000122070312,166.1699981689453,168.6699981689453,475157,0,0
2021-03-12,VCR,292.510009765625,295.82000732421875,291.3900146484375,295.6199951171875,105500,0,0
2021-03-15,VCR,296.3399963378906,299.70001220703125,295.55999755859375,299.70001220703125,149600,0,0
2021-03-16,VCR,300.07000732421875,300.07000732421875,294.6400146484375,295.989990234375,108700,0,0
2021-03-17,VCR,294.4100036621094,300.95001220703125,293.739990234375,299.6499938964844,112800,0,0
2021-03-18,VCR,297.6400146484375,298.7099914550781,291.7099914550781,292.30999755859375,104300,0,0
2021-03-19,VCR,292.3500061035156,295.065185546875,289.3500061035156,294.3999938964844,107916,0,0
2021-03-12,VDC,172.7899932861328,173.85000610351562,172.7899932861328,173.74000549316406,101300,0,0
2021-03-15,VDC,174.0800018310547,174.52000427246094,173.5399932861328,174.3800048828125,126300,0,0
2021-03-16,VDC,174.41000366210938,174.9600067138672,174.3300018310547,174.4499969482422,98400,0,0
2021-03-17,VDC,174.4499969482422,174.8699951171875,173.5500030517578,174.2100067138672,91400,0,0
2021-03-18,VDC,173.77999877929688,174.0,172.50999450683594,172.97999572753906,82700,0,0
2021-03-19,VDC,172.91000366210938,174.1999969482422,172.91000366210938,173.6999969482422,82080,0,0
2021-03-12,VDE,74.62000274658203,75.16000366210938,73.94000244140625,74.47000122070312,1137100,0,0
2021-03-15,VDE,74.47000122070312,74.55000305175781,72.87000274658203,73.72000122070312,1324700,0,0
2021-03-16,VDE,72.62999725341797,72.62999725341797,71.20999908447266,71.62000274658203,1146600,0,0
2021-03-17,VDE,71.30000305175781,72.48999786376953,70.76000213623047,72.20999908447266,873500,0,0
2021-03-18,VDE,71.69999694824219,71.83999633789062,68.37000274658203,68.69000244140625,2345200,0,0
2021-03-19,VDE,68.66000366210938,70.04000091552734,67.77999877929688,69.01000213623047,948674,0,0
2021-03-12,VEA,49.209999084472656,49.599998474121094,49.15999984741211,49.59000015258789,9072700,0,0
2021-03-15,VEA,49.560001373291016,49.720001220703125,49.27000045776367,49.709999084472656,7494600,0,0
2021-03-16,VEA,49.84000015258789,49.86000061035156,49.689998626708984,49.790000915527344,10017400,0,0
2021-03-17,VEA,49.58000183105469,50.13999938964844,49.52000045776367,50.04999923706055,8627500,0,0
2021-03-18,VEA,49.81999969482422,50.130001068115234,49.560001373291016,49.56999969482422,7024200,0,0
2021-03-19,VEA,49.61000061035156,49.84000015258789,49.33000183105469,49.7400016784668,7462695,0,0
2021-03-12,VEU,60.880001068115234,61.29999923706055,60.779998779296875,61.29999923706055,1272600,0,0
2021-03-15,VEU,61.15999984741211,61.40999984741211,60.86000061035156,61.38999938964844,1511400,0,0
2021-03-16,VEU,61.540000915527344,61.63999938964844,61.369998931884766,61.5099983215332,2833100,0,0
2021-03-17,VEU,61.119998931884766,61.91999816894531,61.04999923706055,61.790000915527344,2043200,0,0
2021-03-18,VEU,61.45000076293945,61.77000045776367,61.06999969482422,61.119998931884766,2254500,0,0
2021-03-19,VEU,61.150001525878906,61.494998931884766,60.86000061035156,61.400001525878906,1738016,0,0
2021-03-12,VFH,86.56999969482422,86.97000122070312,86.31999969482422,86.70999908447266,672300,0,0
2021-03-15,VFH,87.0,87.0,85.43000030517578,86.30000305175781,836300,0,0
2021-03-16,VFH,85.98999786376953,85.98999786376953,84.76000213623047,85.41000366210938,713800,0,0
2021-03-17,VFH,85.80999755859375,86.33000183105469,85.0199966430664,85.91999816894531,493400,0,0
2021-03-18,VFH,86.69999694824219,87.95999908447266,85.87999725341797,86.16000366210938,762200,0,0
2021-03-19,VFH,85.54000091552734,85.72000122070312,84.26200103759766,85.18000030517578,1006142,0,0
2021-03-12,VFLQ,108.92400360107422,108.92400360107422,108.92400360107422,108.92400360107422,200,0,0
2021-03-15,VFLQ,108.94999694824219,109.41500091552734,108.87999725341797,109.41500091552734,800,0,0
2021-03-16,VFLQ,108.55000305175781,108.55000305175781,108.4469985961914,108.4469985961914,400,0,0
2021-03-17,VFLQ,108.12000274658203,108.56199645996094,108.12000274658203,108.56199645996094,300,0,0
2021-03-18,VFLQ,107.36199951171875,107.36199951171875,107.36199951171875,107.36199951171875,100,0,0
2021-03-19,VFLQ,107.60900115966797,107.62000274658203,107.19519805908203,107.19519805908203,1314,0,0
2021-03-12,VFMF,97.53800201416016,97.9219970703125,97.21499633789062,97.9219970703125,2300,0,0
2021-03-15,VFMF,97.76499938964844,98.4229965209961,97.5999984741211,98.4229965209961,3700,0,0
2021-03-16,VFMF,97.96499633789062,98.04000091552734,97.43499755859375,97.73999786376953,1800,0,0
2021-03-17,VFMF,96.91999816894531,98.25,96.91999816894531,98.17900085449219,2700,0,0
2021-03-18,VFMF,98.16999816894531,99.16000366210938,97.01000213623047,97.08999633789062,4300,0,0
2021-03-19,VFMF,97.31999969482422,97.86000061035156,97.31999969482422,97.62000274658203,1151,0,0
2021-03-12,VFMO,127.94000244140625,128.31100463867188,126.61000061035156,128.31100463867188,5400,0,0
2021-03-15,VFMO,128.32000732421875,129.61199951171875,128.0449981689453,129.61199951171875,5900,0,0
2021-03-16,VFMO,130.39999389648438,130.39999389648438,127.0,127.9530029296875,8400,0,0
2021-03-17,VFMO,127.0,129.24899291992188,126.19999694824219,128.85699462890625,4900,0,0
2021-03-18,VFMO,128.5,128.5,124.46800231933594,124.46800231933594,4600,0,0
2021-03-19,VFMO,124.73999786376953,126.22000122070312,123.86070251464844,125.91000366210938,4135,0,0
2021-03-12,VFMV,92.2300033569336,92.58999633789062,92.2300033569336,92.58999633789062,300,0,0
2021-03-15,VFMV,92.56500244140625,92.86699676513672,92.56400299072266,92.86699676513672,1400,0,0
2021-03-16,VFMV,92.9749984741211,93.19999694824219,92.87000274658203,92.9280014038086,2200,0,0
2021-03-17,VFMV,92.5199966430664,92.5199966430664,92.16000366210938,92.47599792480469,5600,0,0
2021-03-18,VFMV,92.08999633789062,92.08999633789062,91.52799987792969,91.52799987792969,1500,0,0
2021-03-19,VFMV,91.52999877929688,92.03099822998047,91.52999877929688,91.98529815673828,723,0,0
2021-03-12,VFQY,113.2249984741211,113.6520004272461,112.94999694824219,113.6520004272461,1800,0,0
2021-03-15,VFQY,113.61000061035156,114.24800109863281,113.55999755859375,114.24800109863281,2500,0,0
2021-03-16,VFQY,114.375,114.375,113.30999755859375,113.38600158691406,2100,0,0
2021-03-17,VFQY,113.68800354003906,113.68800354003906,113.68800354003906,113.68800354003906,0,0,0
2021-03-18,VFQY,114.25499725341797,114.25499725341797,112.20899963378906,112.20899963378906,1900,0,0
2021-03-19,VFQY,111.93000030517578,112.69999694824219,111.93000030517578,112.71600341796875,1442,0,0
2021-03-12,VFVA,95.45999908447266,96.83000183105469,95.45999908447266,96.83000183105469,121100,0,0
2021-03-15,VFVA,97.02200317382812,97.16000366210938,96.08000183105469,97.16000366210938,11400,0,0
2021-03-16,VFVA,96.7699966430664,96.7699966430664,95.87000274658203,96.0459976196289,20200,0,0
2021-03-17,VFVA,96.27999877929688,96.7300033569336,95.44999694824219,96.7300033569336,10400,0,0
2021-03-18,VFVA,97.02999877929688,97.88999938964844,95.44999694824219,95.75,29700,0,0
2021-03-19,VFVA,95.05999755859375,96.37000274658203,94.2301025390625,95.87000274658203,21443,0,0
2021-03-12,VGK,63.09000015258789,63.65999984741211,63.029998779296875,63.63999938964844,3425900,0,0
2021-03-15,VGK,63.41999816894531,63.54999923706055,62.97999954223633,63.54999923706055,2433400,0,0
2021-03-16,VGK,63.68000030517578,63.72999954223633,63.529998779296875,63.630001068115234,5920600,0,0
2021-03-17,VGK,63.36000061035156,64.04000091552734,63.27000045776367,63.959999084472656,3377600,0,0
2021-03-18,VGK,63.52000045776367,63.90999984741211,63.130001068115234,63.16999816894531,2902800,0,0
2021-03-19,VGK,63.02000045776367,63.32500076293945,62.7400016784668,63.209999084472656,3665448,0,0
2021-03-12,VGT,355.25,356.989990234375,352.67999267578125,356.95001220703125,401500,0,0
2021-03-15,VGT,357.32000732421875,361.42999267578125,356.0799865722656,361.3500061035156,442500,0,0
2021-03-16,VGT,363.94000244140625,367.07000732421875,361.2200012207031,363.2900085449219,642500,0,0
2021-03-17,VGT,360.010009765625,365.3299865722656,356.989990234375,363.3999938964844,575700,0,0
2021-03-18,VGT,358.2300109863281,359.0199890136719,351.2900085449219,351.75,481800,0,0
2021-03-19,VGT,352.1099853515625,354.02899169921875,349.0,351.5400085449219,404157,0,0
2021-03-12,VHT,226.33999633789062,227.3800048828125,225.2100067138672,227.17999267578125,521700,0,0
2021-03-15,VHT,227.25999450683594,228.97999572753906,226.8699951171875,228.72000122070312,244400,0,0
2021-03-16,VHT,229.5500030517578,229.57000732421875,227.27999877929688,228.16000366210938,192100,0,0
2021-03-17,VHT,227.1699981689453,228.5,225.86000061035156,227.67999267578125,221900,0,0
2021-03-18,VHT,226.52999877929688,228.69000244140625,225.69000244140625,225.91000366210938,139600,0,0
2021-03-19,VHT,226.6199951171875,228.39999389648438,225.1999969482422,227.4199981689453,281133,0,0
2021-03-12,VIG,143.92999267578125,144.6999969482422,143.72999572753906,144.64999389648438,1953000,0,0
2021-03-15,VIG,144.8699951171875,145.5800018310547,144.10000610351562,145.47999572753906,1469000,0,0
2021-03-16,VIG,145.49000549316406,145.6300048828125,145.00999450683594,145.22999572753906,1381400,0,0
2021-03-17,VIG,145.10000610351562,145.58999633789062,144.57000732421875,145.1999969482422,1050400,0,0
2021-03-18,VIG,144.9600067138672,145.6300048828125,144.27999877929688,144.47999572753906,1141800,0,0
2021-03-19,VIG,144.63999938964844,145.07000732421875,143.4499969482422,144.10000610351562,1534348,0,0
2021-03-12,VIGI,83.11000061035156,83.52999877929688,82.80000305175781,83.48999786376953,110800,0,0
2021-03-15,VIGI,83.22000122070312,83.65399932861328,82.94000244140625,83.61000061035156,119300,0,0
2021-03-16,VIGI,83.81999969482422,84.02100372314453,83.73999786376953,83.9000015258789,284200,0,0
2021-03-17,VIGI,83.41999816894531,84.37000274658203,83.23999786376953,84.19000244140625,138400,0,0
2021-03-18,VIGI,83.4800033569336,83.83899688720703,83.0199966430664,83.04000091552734,158500,0,0
2021-03-19,VIGI,83.31999969482422,83.69550323486328,82.91500091552734,83.55000305175781,174700,0,0
2021-03-12,VIOG,229.57000732421875,231.3800048828125,229.35000610351562,231.17999267578125,22900,0,0
2021-03-15,VIOG,230.99000549316406,231.85000610351562,229.82000732421875,231.85000610351562,21200,0,0
2021-03-16,VIOG,232.07000732421875,232.07000732421875,227.49000549316406,228.64999389648438,22600,0,0
2021-03-17,VIOG,227.72999572753906,230.82000732421875,226.74000549316406,230.3800048828125,13900,0,0
2021-03-18,VIOG,229.2899932861328,230.2899932861328,223.27000427246094,223.66000366210938,17900,0,0
2021-03-19,VIOG,223.85000610351562,226.4550018310547,222.0,225.19000244140625,17380,0,0
2021-03-12,VIOO,208.22000122070312,210.3800048828125,208.07000732421875,210.0399932861328,83400,0,0
2021-03-15,VIOO,209.9199981689453,210.02999877929688,208.02999877929688,209.8000030517578,67800,0,0
2021-03-16,VIOO,209.32000732421875,209.32000732421875,205.9600067138672,206.33999633789062,79300,0,0
2021-03-17,VIOO,205.7100067138672,208.0500030517578,204.4199981689453,207.5399932861328,65500,0,0
2021-03-18,VIOO,207.1199951171875,209.02000427246094,202.32000732421875,203.00999450683594,33800,0,0
2021-03-19,VIOO,202.32000732421875,205.03900146484375,200.65499877929688,203.46499633789062,33574,0,0
2021-03-12,VIOV,184.44000244140625,186.7100067138672,184.13999938964844,186.33999633789062,152300,0,0
2021-03-15,VIOV,186.60000610351562,186.60000610351562,183.8800048828125,185.50999450683594,164000,0,0
2021-03-16,VIOV,184.91000366210938,184.91000366210938,181.30999755859375,182.05999755859375,196800,0,0
2021-03-17,VIOV,181.85000610351562,183.13999938964844,180.47999572753906,182.77999877929688,93700,0,0
2021-03-18,VIOV,182.22000122070312,185.1699981689453,178.97999572753906,179.5800018310547,116200,0,0
2021-03-19,VIOV,178.97999572753906,180.92999267578125,176.1999969482422,179.77999877929688,66109,0,0
2021-03-12,VIS,186.49000549316406,188.57000732421875,186.30999755859375,188.52000427246094,291900,0,0
2021-03-15,VIS,189.1699981689453,189.97999572753906,187.27000427246094,189.86000061035156,204700,0,0
2021-03-16,VIS,189.50999450683594,189.52000427246094,186.91000366210938,187.02999877929688,239100,0,0
2021-03-17,VIS,187.1300048828125,188.8300018310547,186.1999969482422,188.52000427246094,240900,0,0
2021-03-18,VIS,188.38999938964844,190.6699981689453,187.38999938964844,187.8000030517578,172000,0,0
2021-03-19,VIS,188.1300048828125,188.1300048828125,185.27999877929688,186.72000122070312,269532,0,0
2021-03-12,VO,221.86000061035156,223.7100067138672,220.88999938964844,223.7100067138672,663400,0,0
2021-03-15,VO,223.8699951171875,226.08999633789062,223.17999267578125,225.88999938964844,483800,0,0
2021-03-16,VO,226.3300018310547,226.3300018310547,222.97999572753906,223.77999877929688,612600,0,0
2021-03-17,VO,223.36000061035156,225.52000427246094,221.7100067138672,225.0399932861328,1171700,0,0
2021-03-18,VO,223.74000549316406,224.9199981689453,220.85000610351562,221.14999389648438,584700,0,0
2021-03-19,VO,221.02999877929688,223.08999633789062,219.8468017578125,221.63999938964844,1495498,0,0
2021-03-12,VOE,135.5399932861328,137.0500030517578,135.52999877929688,137.0500030517578,483500,0,0
2021-03-15,VOE,137.24000549316406,138.19000244140625,136.57000732421875,138.1300048828125,341400,0,0
2021-03-16,VOE,138.2899932861328,138.2899932861328,136.1999969482422,136.5500030517578,335400,0,0
2021-03-17,VOE,136.3000030517578,137.7100067138672,135.5800018310547,137.6999969482422,249400,0,0
2021-03-18,VOE,137.52999877929688,138.64999389648438,136.19000244140625,136.58999633789062,433500,0,0
2021-03-19,VOE,136.47000122070312,137.1300048828125,135.0,136.30999755859375,469410,0,0
2021-03-12,VONE,183.91000366210938,184.88999938964844,183.35000610351562,184.74000549316406,29500,0,0
2021-03-15,VONE,185.30999755859375,186.22000122070312,184.38999938964844,186.2100067138672,76300,0,0
2021-03-16,VONE,186.5,186.75,185.36000061035156,185.80999755859375,75900,0,0
2021-03-17,VONE,185.05999755859375,186.80999755859375,184.3800048828125,186.35000610351562,78300,0,0
2021-03-18,VONE,185.25999450683594,185.89999389648438,183.11000061035156,183.4499969482422,83700,0,0
2021-03-19,VONE,183.50999450683594,184.0399932861328,182.2899932861328,183.35000610351562,33659,0,0
2021-03-12,VONG,246.50999450683594,247.89999389648438,245.02999877929688,247.89999389648438,83900,0,0
2021-03-15,VONG,248.1999969482422,250.27999877929688,247.0,250.27999877929688,102300,0,0
2021-03-16,VONG,251.6999969482422,253.24000549316406,249.85000610351562,250.82000732421875,177000,0,0
2021-03-17,VONG,248.8800048828125,252.27999877929688,247.3800048828125,250.9499969482422,141300,0,0
2021-03-18,VONG,248.33999633789062,248.36000061035156,244.55999755859375,244.89999389648438,97000,0,0
2021-03-19,VONG,245.17999267578125,246.1999969482422,243.4445037841797,245.5800018310547,137409,0,0
2021-03-12,VONV,132.8300018310547,133.5800018310547,132.72999572753906,133.5800018310547,139000,0,0
2021-03-15,VONV,134.02000427246094,134.24000549316406,132.8000030517578,134.22999572753906,888800,0,0
2021-03-16,VONV,134.00999450683594,134.00999450683594,133.02000427246094,133.1699981689453,324800,0,0
2021-03-17,VONV,133.25,133.91000366210938,132.60000610351562,133.91000366210938,226400,0,0
2021-03-18,VONV,133.75999450683594,134.8300018310547,132.74000549316406,132.9600067138672,153000,0,0
2021-03-19,VONV,132.85000610351562,133.19000244140625,131.42999267578125,132.52000427246094,2642399,0,0
2021-03-12,VOO,360.5,362.45001220703125,359.6700134277344,362.3599853515625,4846100,0,0
2021-03-15,VOO,362.6700134277344,364.75,360.45001220703125,364.4599914550781,3154800,0,0
2021-03-16,VOO,365.1199951171875,365.7799987792969,363.25,364.04998779296875,3677900,0,0
2021-03-17,VOO,362.8299865722656,366.04998779296875,361.6199951171875,365.239990234375,4698300,0,0
2021-03-18,VOO,362.7300109863281,364.760009765625,359.2799987792969,359.8699951171875,5067500,0,0
2021-03-19,VOO,359.6499938964844,361.1700134277344,357.1499938964844,359.2300109863281,5383663,0,0
2021-03-12,VOOG,230.32000732421875,231.39999389648438,228.9499969482422,231.39999389648438,98700,0,0
2021-03-15,VOOG,231.63999938964844,233.44000244140625,230.36000061035156,233.36000061035156,113400,0,0
2021-03-16,VOOG,234.61000061035156,236.32000732421875,233.52999877929688,234.17999267578125,120600,0,0
2021-03-17,VOOG,232.47000122070312,235.75,231.32000732421875,234.5800018310547,83200,0,0
2021-03-18,VOOG,231.7100067138672,232.39999389648438,228.9600067138672,229.16000366210938,105800,0,0
2021-03-19,VOOG,229.5,230.6199951171875,227.77999877929688,229.72000122070312,93753,0,0
2021-03-12,VOOV,136.4600067138672,137.1699981689453,136.33999633789062,137.13999938964844,128100,0,0
2021-03-15,VOOV,137.47999572753906,137.66000366210938,136.3800048828125,137.66000366210938,240400,0,0
2021-03-16,VOOV,137.52999877929688,137.52999877929688,136.44000244140625,136.77999877929688,228400,0,0
2021-03-17,VOOV,136.9600067138672,137.4499969482422,136.16000366210938,137.4499969482422,98300,0,0
2021-03-18,VOOV,137.41000366210938,138.33999633789062,136.3800048828125,136.5800018310547,202100,0,0
2021-03-19,VOOV,136.5399932861328,136.6300048828125,135.10000610351562,135.92999267578125,121347,0,0
2021-03-12,VOT,214.0500030517578,215.30999755859375,212.1300048828125,215.30999755859375,118600,0,0
2021-03-15,VOT,215.69000244140625,218.22000122070312,215.02000427246094,218.22000122070312,160100,0,0
2021-03-16,VOT,219.1999969482422,219.49000549316406,215.3300018310547,216.69000244140625,157900,0,0
2021-03-17,VOT,215.24000549316406,217.91000366210938,213.3800048828125,216.9600067138672,127800,0,0
2021-03-18,VOT,214.44000244140625,215.17999267578125,211.17999267578125,211.36000061035156,165100,0,0
2021-03-19,VOT,211.85000610351562,214.047607421875,210.3520050048828,213.14999389648438,95002,0,0
2021-03-12,VOX,132.63999938964844,133.30999755859375,132.05999755859375,133.22999572753906,113300,0,0
2021-03-15,VOX,133.36000061035156,134.07000732421875,132.8000030517578,133.9199981689453,115100,0,0
2021-03-16,VOX,134.55999755859375,135.9199981689453,134.27000427246094,134.74000549316406,84800,0,0
2021-03-17,VOX,133.8300018310547,135.6300048828125,132.99000549316406,135.22000122070312,134200,0,0
2021-03-18,VOX,133.83999633789062,134.30999755859375,132.1999969482422,132.3800048828125,115100,0,0
2021-03-19,VOX,132.80999755859375,133.8699951171875,132.13999938964844,133.39999389648438,94907,0,0
2021-03-12,VPL,81.47000122070312,81.87999725341797,81.31999969482422,81.8499984741211,786600,0,0
2021-03-15,VPL,82.31999969482422,82.48999786376953,81.81999969482422,82.44999694824219,561100,0,0
2021-03-16,VPL,82.80000305175781,82.87000274658203,82.5199966430664,82.70999908447266,588900,0,0
2021-03-17,VPL,82.48999786376953,83.31999969482422,82.30999755859375,83.1500015258789,817300,0,0
2021-03-18,VPL,83.05999755859375,83.5999984741211,82.80999755859375,82.81999969482422,823000,0,0
2021-03-19,VPL,83.30999755859375,83.51000213623047,82.54000091552734,83.41999816894531,877266,0,0
2021-03-12,VPU,135.7899932861328,137.69000244140625,135.5500030517578,137.35000610351562,185100,0,0
2021-03-15,VPU,137.6199951171875,139.42999267578125,137.6199951171875,139.13999938964844,342900,0,0
2021-03-16,VPU,138.97999572753906,139.47999572753906,138.4499969482422,139.27000427246094,244200,0,0
2021-03-17,VPU,139.05999755859375,139.05999755859375,136.66000366210938,136.88999938964844,255800,0,0
2021-03-18,VPU,136.57000732421875,137.11000061035156,135.39999389648438,136.19000244140625,240100,0,0
2021-03-19,VPU,136.07000732421875,137.779296875,134.77000427246094,136.61000061035156,263139,0,0
2021-03-12,VSGX,61.5099983215332,61.83000183105469,61.369998931884766,61.81999969482422,128800,0,0
2021-03-15,VSGX,61.75,62.0099983215332,61.470001220703125,61.9900016784668,174900,0,0
2021-03-16,VSGX,62.209999084472656,62.27000045776367,62.0099983215332,62.13999938964844,177300,0,0
2021-03-17,VSGX,61.790000915527344,62.5,61.650001525878906,62.369998931884766,153800,0,0
2021-03-18,VSGX,62.08000183105469,62.43000030517578,61.709999084472656,61.77000045776367,168200,0,0
2021-03-19,VSGX,61.72999954223633,62.029998779296875,61.42499923706055,61.95000076293945,149550,0,0
2021-03-12,VSS,128.33999633789062,129.3000030517578,128.0,129.25,1502500,0,0
2021-03-15,VSS,129.36000061035156,129.88999938964844,128.85000610351562,129.8699951171875,1719100,0,0
2021-03-16,VSS,130.6300048828125,131.05999755859375,130.22000122070312,130.64999389648438,1446500,0,0
2021-03-17,VSS,129.91000366210938,131.49000549316406,129.42999267578125,131.1999969482422,503600,0,0
2021-03-18,VSS,130.35000610351562,130.69000244140625,129.02000427246094,129.0399932861328,1498500,0,0
2021-03-19,VSS,129.63999938964844,131.1728057861328,129.16000366210938,130.47000122070312,1641011,0,0
2021-03-12,VT,97.23999786376953,97.83999633789062,97.0199966430664,97.83000183105469,1809700,0,0
2021-03-15,VT,97.76000213623047,98.30999755859375,97.23999786376953,98.23999786376953,1152100,0,0
2021-03-16,VT,98.48999786376953,98.55000305175781,97.91999816894531,98.16000366210938,2486500,0,0
2021-03-17,VT,97.6500015258789,98.77999877929688,97.4000015258789,98.58000183105469,1325900,0,0
2021-03-18,VT,97.91000366210938,98.41999816894531,97.01000213623047,97.13999938964844,1429200,0,0
2021-03-19,VT,97.0999984741211,97.58499908447266,96.51000213623047,97.23999786376953,1042422,0,0
2021-03-12,VTHR,184.0,185.00999450683594,183.77000427246094,185.00999450683594,14800,0,0
2021-03-15,VTHR,186.08999633789062,186.25,184.38999938964844,186.25,39300,0,0
2021-03-16,VTHR,187.47000122070312,187.47000122070312,185.42999267578125,185.74000549316406,11400,0,0
2021-03-17,VTHR,185.05999755859375,186.5399932861328,184.5399932861328,186.25999450683594,9800,0,0
2021-03-18,VTHR,185.83999633789062,185.88999938964844,183.0,183.11000061035156,9400,0,0
2021-03-19,VTHR,183.52999877929688,183.78500366210938,181.8350067138672,183.1999969482422,4210,0,0
2021-03-12,VTI,206.16000366210938,207.4600067138672,205.5500030517578,207.39999389648438,4066600,0,0
2021-03-15,VTI,207.72999572753906,208.89999389648438,206.38999938964844,208.85000610351562,3421900,0,0
2021-03-16,VTI,209.13999938964844,209.3000030517578,207.36000061035156,208.00999450683594,4578200,0,0
2021-03-17,VTI,207.30999755859375,209.2899932861328,206.36000061035156,208.8000030517578,3344900,0,0
2021-03-18,VTI,207.4499969482422,208.44000244140625,204.77000427246094,205.0,3641900,0,0
2021-03-19,VTI,207.4499969482422,206.14999389648438,203.57029724121094,205.25999450683594,3869015,0,0
2021-03-12,VTV,131.1999969482422,131.8300018310547,131.00999450683594,131.7899932861328,3837200,0,0
2021-03-15,VTV,131.9199981689453,132.2100067138672,130.8699951171875,132.10000610351562,4114300,0,0
2021-03-16,VTV,131.97999572753906,132.0,130.97000122070312,131.25999450683594,3179500,0,0
2021-03-17,VTV,131.49000549316406,131.85000610351562,130.6199951171875,131.82000732421875,2996500,0,0
2021-03-18,VTV,131.99000549316406,132.8699951171875,131.00999450683594,131.30999755859375,6661500,0,0
2021-03-19,VTV,131.17999267578125,131.43499755859375,129.8300018310547,130.74000549316406,3079180,0,0
2021-03-12,VTWG,228.9199981689453,231.02000427246094,227.47000122070312,230.67999267578125,53300,0,0
2021-03-15,VTWG,230.39999389648438,232.24000549316406,229.9199981689453,232.24000549316406,45100,0,0
2021-03-16,VTWG,232.1999969482422,232.33999633789062,226.92999267578125,228.82000732421875,27200,0,0
2021-03-17,VTWG,227.0399932861328,230.50999450683594,224.66000366210938,230.11000061035156,23900,0,0
2021-03-18,VTWG,227.8800048828125,228.39999389648438,221.10000610351562,221.57000732421875,29000,0,0
2021-03-19,VTWG,220.94000244140625,225.10000610351562,220.0,224.69000244140625,38398,0,0
2021-03-12,VTWO,187.4600067138672,189.0399932861328,186.9600067138672,188.86000061035156,252100,0,0
2021-03-15,VTWO,188.55999755859375,189.36000061035156,187.25,189.36000061035156,270400,0,0
2021-03-16,VTWO,189.0,189.0,184.89999389648438,186.19000244140625,198800,0,0
2021-03-17,VTWO,184.91000366210938,187.83999633789062,183.6699981689453,187.6199951171875,237100,0,0
2021-03-18,VTWO,186.3800048828125,188.0,181.39999389648438,181.99000549316406,254800,0,0
2021-03-19,VTWO,181.49000549316406,184.51400756835938,180.00999450683594,183.13999938964844,563403,0,0
2021-03-12,VTWV,147.52999877929688,148.66000366210938,147.0,148.5,88100,0,0
2021-03-15,VTWV,148.9600067138672,148.9600067138672,146.8800048828125,148.4600067138672,105700,0,0
2021-03-16,VTWV,147.8800048828125,147.8800048828125,145.1999969482422,145.7100067138672,85400,0,0
2021-03-17,VTWV,145.3300018310547,146.9199981689453,144.33999633789062,146.75999450683594,55500,0,0
2021-03-18,VTWV,146.61000061035156,148.3800048828125,143.14999389648438,143.72999572753906,105300,0,0
2021-03-19,VTWV,143.49000549316406,145.1320037841797,141.41419982910156,143.88999938964844,57780,0,0
2021-03-12,VUG,253.91000366210938,255.25,252.19000244140625,255.1300048828125,767900,0,0
2021-03-15,VUG,255.33999633789062,257.739990234375,254.1999969482422,257.57000732421875,872300,0,0
2021-03-16,VUG,259.1400146484375,260.9200134277344,257.1199951171875,258.3500061035156,880400,0,0
2021-03-17,VUG,256.2099914550781,260.2699890136719,254.99000549316406,258.82000732421875,703100,0,0
2021-03-18,VUG,255.47999572753906,256.2300109863281,251.75999450683594,252.02000427246094,749400,0,0
2021-03-19,VUG,252.36000061035156,253.7689971923828,250.5,252.42999267578125,749130,0,0
2021-03-12,VV,183.82000732421875,184.8300018310547,183.33999633789062,184.75999450683594,633000,0,0
2021-03-15,VV,185.0500030517578,186.0500030517578,183.86000061035156,185.97999572753906,661300,0,0
2021-03-16,VV,186.25,186.66000366210938,185.30999755859375,185.6300048828125,220500,0,0
2021-03-17,VV,185.00999450683594,186.67999267578125,184.3800048828125,186.1999969482422,199400,0,0
2021-03-18,VV,184.97000122070312,185.72999572753906,182.99000549316406,183.2899932861328,395600,0,0
2021-03-19,VV,183.33999633789062,183.97000122070312,181.92999267578125,183.1300048828125,261183,0,0
2021-03-12,VWO,52.709999084472656,52.869998931884766,52.459999084472656,52.869998931884766,9330800,0,0
2021-03-15,VWO,52.54999923706055,52.849998474121094,52.40999984741211,52.84000015258789,13127000,0,0
2021-03-16,VWO,53.0,53.25,52.86000061035156,53.06999969482422,12282800,0,0
2021-03-17,VWO,52.41999816894531,53.33000183105469,52.34000015258789,53.11000061035156,9331600,0,0
2021-03-18,VWO,52.72999954223633,52.83000183105469,52.2400016784668,52.290000915527344,11070900,0,0
2021-03-19,VWO,52.2599983215332,52.834999084472656,52.17179870605469,52.810001373291016,8992760,0,0
2021-03-12,VXF,183.05999755859375,184.61000061035156,181.74000549316406,184.4600067138672,575800,0,0
2021-03-15,VXF,185.1300048828125,186.50999450683594,183.91000366210938,186.47000122070312,641200,0,0
2021-03-16,VXF,186.94000244140625,187.0,182.72999572753906,183.99000549316406,644000,0,0
2021-03-17,VXF,182.77999877929688,185.5399932861328,181.27000427246094,185.17999267578125,436000,0,0
2021-03-18,VXF,183.6699981689453,184.52999877929688,179.00999450683594,179.50999450683594,385700,0,0
2021-03-19,VXF,179.11000061035156,181.8350067138672,178.0,180.77999877929688,361254,0,0
2021-03-12,VXUS,62.900001525878906,63.31999969482422,62.79999923706055,63.310001373291016,2765400,0,0
2021-03-15,VXUS,63.2599983215332,63.439998626708984,62.900001525878906,63.439998626708984,2911200,0,0
2021-03-16,VXUS,63.58000183105469,63.70000076293945,63.43000030517578,63.59000015258789,3285900,0,0
2021-03-17,VXUS,63.22999954223633,64.0,63.119998931884766,63.849998474121094,3049800,0,0
2021-03-18,VXUS,63.52000045776367,63.83000183105469,63.099998474121094,63.099998474121094,2806400,0,0
2021-03-19,VXUS,63.18000030517578,63.5,62.869998931884766,63.41999816894531,3554516,0,0
2021-03-12,VYM,100.62000274658203,101.12000274658203,100.51000213623047,101.0999984741211,1685700,0,0
2021-03-15,VYM,101.18000030517578,101.45999908447266,100.37000274658203,101.41000366210938,2487700,0,0
2021-03-16,VYM,101.12000274658203,101.19999694824219,100.69999694824219,101.05000305175781,1517200,0,0
2021-03-17,VYM,101.0999984741211,101.30000305175781,100.44999694824219,101.29000091552734,1345300,0,0
2021-03-18,VYM,101.16999816894531,102.04000091552734,100.4800033569336,100.66999816894531,1540200,0,0
2021-03-19,VYM,100.52999877929688,100.7699966430664,99.5199966430664,100.31999969482422,1563806,0,0
2021-03-12,VYMI,65.93000030517578,66.33999633789062,65.80000305175781,66.33000183105469,180900,0,0
2021-03-15,VYMI,66.44999694824219,66.62000274658203,66.0,66.62000274658203,168800,0,0
2021-03-16,VYMI,66.51000213623047,66.53800201416016,66.30000305175781,66.44999694824219,154700,0,0
2021-03-17,VYMI,66.12000274658203,66.83999633789062,65.93000030517578,66.70999908447266,174700,0,0
2021-03-18,VYMI,66.47000122070312,66.7699966430664,65.98999786376953,66.06999969482422,178000,0,0
2021-03-19,VYMI,66.05999755859375,66.26000213623047,65.69000244140625,66.22000122070312,141198,0,0
2021-03-12,VNQ,90.06999969482422,91.66000366210938,90.02999877929688,91.62000274658203,3262800,0,0
2021-03-15,VNQ,91.83000183105469,93.19999694824219,91.36000061035156,92.9800033569336,6026400,0,0
2021-03-16,VNQ,92.98999786376953,93.19999694824219,92.19999694824219,92.5999984741211,3122500,0,0
2021-03-17,VNQ,92.43000030517578,92.72000122070312,91.56999969482422,92.68000030517578,3660100,0,0
2021-03-18,VNQ,92.30999755859375,92.4000015258789,91.43000030517578,91.73999786376953,3496000,0,0
2021-03-19,VNQ,91.87999725341797,92.11900329589844,90.41000366210938,90.48999786376953,4429432,0,0
2021-03-12,VNQI,54.939998626708984,55.369998931884766,54.88999938964844,55.31999969482422,268700,0,0
2021-03-15,VNQI,55.33000183105469,55.77000045776367,55.33000183105469,55.68000030517578,218800,0,0
2021-03-16,VNQI,56.25,56.290000915527344,56.09000015258789,56.189998626708984,384300,0,0
2021-03-17,VNQI,56.2599983215332,56.45000076293945,55.83000183105469,56.290000915527344,178000,0,0
2021-03-18,VNQI,55.849998474121094,56.0,55.630001068115234,55.689998626708984,213300,0,0
2021-03-19,VNQI,55.959999084472656,56.12110137939453,55.68009948730469,55.97999954223633,268677,0,0
